username,avatar_url,offers_count,time_remaining,title,job_url,preview_description,full_description,category,category_url,budget,page
Taegxxy,https://useme-prod-public.s3.amazonaws.com/avatars/035/423335.png,,Znika za 30 dni,English to Polish Translation of Medical Research Articles,"https://useme.com/pl/jobs/english-to-polish-translation-of-medical-research-articles,105046/","I am seeking an experienced translator to translate approximately 72 pages of medical research articles from English to Polish. The documents consist of three separate files.

*Requirements:*

- Native Polish speaker with excellent English...",Description not found,JÄ™zyk polski,"https://useme.com/pl/jobs/category/tlumaczenia,39/jezyk-polski,124/","2300,00 GBP",1
Jakub,/static/images/avatar/empty-neutral.d332f86a913c.svg,,Znika za 30 dni,Zebranie adresÃ³w email drukarni UV w Polsce,"https://useme.com/pl/jobs/zebranie-adresow-email-drukarni-uv-w-polsce,105045/",Zebranie listy adresÃ³w email oraz adresÃ³w www stron internetowych moÅ¼liwie najwiÄ™kszej iloÅ›ci drukarni UV oraz firm posiadajÄ…cych plotery UV na terenie Polski.,Description not found,Inne,"https://useme.com/pl/jobs/category/zlecenia-dla-studentow,5/inne,65/",Do negocjacji,1
MÅ‚odzi w Polityce,https://useme-prod-public.s3.amazonaws.com/avatars/042/423342.png,,Znika za 30 dni,Optymalizacja SEO strony z artykuÅ‚ami,"https://useme.com/pl/jobs/optymalizacja-seo-strony-z-artykuami,105044/","DzieÅ„ dobry. Poszukujemy kogoÅ› kto byÅ‚by wstanie zoptymalizowaÄ‡ naszÄ… stronÄ™ oraz artykuÅ‚y, Å¼eby same siÄ™ proponowaÅ‚y np. w Google News (mamy juÅ¼ tam konto, potrzebujemy tylko optymalizacji i porad co to Google news) oraz w innych miejscach,...",Description not found,SEO,"https://useme.com/pl/jobs/category/marketing,37/seo,112/",Do negocjacji,1
MÅ‚odzi w Polityce,https://useme-prod-public.s3.amazonaws.com/avatars/042/423342.png,,Znika za 30 dni,RozwiniÄ™cie strony na Facebooku i zbudowanie zaangaÅ¼owania,"https://useme.com/pl/jobs/rozwiniecie-strony-na-facebooku-i-zbudowanie-zaangazowania,105043/","DzieÅ„ dobry, szukamy doÅ›wiadczonej osoby ktÃ³ra byÅ‚a by wstanie rozwinÄ…Ä‡ naszÄ… stronÄ™ na Facebooku i zbudowaÄ‡ tam zaangaÅ¼owanie, jesteÅ›my mÅ‚odzieÅ¼owÄ… inicjatywÄ… gdzie mÅ‚odzi piszÄ… i tworzÄ… u nas treÅ›ci, a te treÅ›ci chcielibyÅ›my bardziej...",Description not found,Social media,"https://useme.com/pl/jobs/category/marketing,37/social-media,111/","800,00 PLN",1
Maciej D,/static/images/avatar/empty-neutral.d332f86a913c.svg,,Znika za 30 dni,Poszukujemy specjalisty LinkedIn,"https://useme.com/pl/jobs/poszukujemy-specjalisty-linkedin,105042/","Poszukujemy specjalisty LinkedIn do dÅ‚ugotrwaÅ‚ej wspÃ³Å‚pracy! JeÅ›li masz doÅ›wiadczenie w budowaniu zaangaÅ¼owania, zwiÄ™kszaniu liczby obserwujÄ…cych oraz tworzeniu treÅ›ci, ktÃ³re trafiajÄ… do serca odbiorcÃ³w, zapraszamy do kontaktu. Twoje zadanie to...",Description not found,Social media,"https://useme.com/pl/jobs/category/marketing,37/social-media,111/",Do negocjacji,1
TomaszCz,https://useme-prod-public.s3.amazonaws.com/avatars/098/406098.png,,Znika za 30 dni,Aplikacja mobilna Flutter,"https://useme.com/pl/jobs/aplikacja-mobilna-flutter,105041/","Witam, 

ZlecÄ™ stworzenie aplikacji mobilnej wykonanej w technologii flutter.

Aplikacja musi obsÅ‚ugiwaÄ‡ pÅ‚atnoÅ›ci subskrypcyjne w Sklepie Play oraz App Store. 

Projekt aplikacji w figmie jest obecnie w trakcie realizacji. Powinien byÄ‡...",Description not found,Aplikacje mobilne,"https://useme.com/pl/jobs/category/programowanie-i-it,35/aplikacje-mobilne,101/",Do negocjacji,1
PROA Technology,https://useme-prod-public.s3.amazonaws.com/avatars/022/423322.png,,Znika za 30 dni,Animacja biznesowa - 20 sekundowa,"https://useme.com/pl/jobs/animacja-biznesowa-20-sekundowa,105040/",Potrzebujemy realizacjÄ™ 20-sekundowego filmu prezentujÄ…cego naszÄ… firmÄ™ technologicznÄ…. JesteÅ›my nominowani w jednym z konkursÃ³w i podczas gali majÄ… byÄ‡ prezentowane krÃ³tkie filmiki nominowanych firm. Realizujemy projekty we wspÃ³Å‚pracy z NCBiRem...,Description not found,Grafika 2D,"https://useme.com/pl/jobs/category/design,38/grafika-2d,118/","3000,00 PLN",1
danield,/static/images/avatar/empty-neutral.d332f86a913c.svg,,Znika za 30 dni,Strona internetowa z funkcjÄ… sklepu internetowego,"https://useme.com/pl/jobs/strona-internetowa-z-funkcja-sklepu-internetowego,105039/","Wykonanie strony internetowej z moÅ¼liwoÅ›ciÄ… zakupu produktÃ³w z branÅ¼y techniki komunalnej.   Strona na Wordpress z wtyczkÄ… do zakupÃ³w. 
Przeniesienie praw autorskich",Description not found,Sklepy internetowe,"https://useme.com/pl/jobs/category/serwisy-internetowe,34/sklepy-internetowe,97/",Do negocjacji,1
Pragmatic Coders,/static/images/avatar/empty-neutral.d332f86a913c.svg,,Znika za 30 dni,"Przygotowanie infografiki, z ktÃ³rej moÅ¼na zrobiÄ‡ wielkoformatowÄ… naklejkÄ™","https://useme.com/pl/jobs/przygotowanie-infografiki-z-ktorej-mozna-zrobic-wielkoformatowa-naklejke,105038/","PoszukujÄ™ designera/ grafika/ ilustratora, ktÃ³ry wykona dla mnie projekt naklejki na Å›cianÄ™ na open space w biurze.
Åšciana ma kolor grafitowy, caÅ‚kowity wymiar 4,1 m szerokoÅ›ci x 2,97 m wysokoÅ›ci. 
Chcemy umieÅ›ciÄ‡ na niej logo firmy oraz...",Description not found,Grafika 2D,"https://useme.com/pl/jobs/category/design,38/grafika-2d,118/",Do negocjacji,1
SZYMON,https://useme-prod-public.s3.amazonaws.com/avatars/058/038158_F11Rd1q.png,,Znika za 30 dni,Zaprojektowanie obudowy urzÄ…dzenia 2D lub 3D,"https://useme.com/pl/jobs/zaprojektowanie-obudowy-urzadzenia-2d-lub-3d,105036/","ChciaÅ‚bym zmieniÄ‡ wyglÄ…d urzÄ…dzenia do filtrowania wody, mam w ogÅ‚owie jak ono powinno wyglÄ…daÄ‡, niemniej jednak brak mi umiejÄ™tnoÅ›ci, Å¼eby to wykonaÄ‡.",Description not found,Grafika 2D,"https://useme.com/pl/jobs/category/design,38/grafika-2d,118/",Do negocjacji,1
digitaltop.pl,https://useme-prod-public.s3.amazonaws.com/avatars/056/282856_ZPGY56M.png,,Znika za 30 dni,Szukam freelancera BING (MICROSOFT) ADS,"https://useme.com/pl/jobs/szukam-freelancera-bing-microsoft-ads,105031/","Szukam specjalisty do konfiguracji kampanii Bing Ads. Wymagam doÅ›wiadczenia popartego dobrymi wynikami. 
Posiadam kilka domen.",Description not found,Kampanie reklamowe,"https://useme.com/pl/jobs/category/marketing,37/kampanie-reklamowe,109/","2000,00 PLN",1
Kacper Suszek,/static/images/avatar/empty-neutral.d332f86a913c.svg,,Znika za 30 dni,Tworzenie grafik reklamowych (Facebook) â€“ staÅ‚a wspÃ³Å‚praca,"https://useme.com/pl/jobs/tworzenie-grafik-reklamowych-facebook-staa-wspopraca,105030/","JesteÅ›my firmÄ…, ktÃ³ra szuka profesjonalisty do dÅ‚ugoterminowej wspÃ³Å‚pracy przy tworzeniu estetycznych i kreatywnych projektÃ³w graficznych, ktÃ³re bÄ™dÄ… wykorzystywane w kampaniach reklamowych (gÅ‚Ã³wnie Facebook Ads).

Nasze oczekiwania:

Minimum 2...",Description not found,Grafika 2D,"https://useme.com/pl/jobs/category/design,38/grafika-2d,118/",Do negocjacji,1
Zent Dental Care,/static/images/avatar/empty-neutral.d332f86a913c.svg,,Znika za 30 dni,ZdjÄ™cie produktowe,"https://useme.com/pl/jobs/zdjecie-produktowe,105033/","CzeÅ›Ä‡, szukamy doÅ›wiadczonego fotografa z dostÄ™pem do studia do ktÃ³rego moÅ¼emy wysÅ‚aÄ‡ nasz produkt do zdjÄ™Ä‡. Nasz produkt to pudeÅ‚ko z zestawem mniejszych produktÃ³w w Å›rodku, ktÃ³re chcemy Å‚adnie zwizualizowaÄ‡. PrzesÅ‚alibyÅ›my nasze pudeÅ‚ko wraz z...",Description not found,Fotografia,"https://useme.com/pl/jobs/category/multimedia,36/fotografia,107/","400,00 PLN",1
Akademia Rodzica,/static/images/avatar/empty-neutral.d332f86a913c.svg,,Znika za 90 dni,Znalezienie drukarni oraz stworzenie plakatÃ³w architektonicznych do druku na folii zÅ‚otej,"https://useme.com/pl/jobs/znalezienie-drukarni-oraz-stworzenie-plakatow-architektonicznych-do-druku-na-fol,105029/","ZamÃ³wienie skÅ‚ada siÄ™ z trzech etapÃ³w:
Etap I. 
Znalezienie podwykonawcy, drukarni (ktÃ³ra przyjmuje rÃ³wnieÅ¼ zamÃ³wienia internetowe) w celu:
- zdobycia informacji jak zaprojektowaÄ‡ plakat, w celu optymalizacji produkcji i zapewnienia wysokiej...",Description not found,Grafika 2D,"https://useme.com/pl/jobs/category/design,38/grafika-2d,118/",Do negocjacji,1
Hermer,https://useme-prod-public.s3.amazonaws.com/avatars/069/192469.png,,Znika za 30 dni,Stworzenie wireframe -> projektu graficznego strony gÅ‚Ã³wnej: Sklep internetowy,"https://useme.com/pl/jobs/stworzenie-wireframe-projektu-graficznego-strony-gownej-sklep-internetowy,105028/","Szukam projektanta graficznego, ktÃ³ry stworzy:
1. MakietÄ™ - wireframe sklepu internetowego skÅ‚adajÄ…cego siÄ™ z maksymalnie 7 moduÅ‚Ã³w na stronie gÅ‚Ã³wnej. 
2. Projekt graficzny strony gÅ‚Ã³wnej bazujÄ…cy na wireframe. 
Na stronie bÄ™dÄ… oferowane:...",Description not found,Projektowanie UX/UI,"https://useme.com/pl/jobs/category/design,38/projektowanie-ux-ui,121/",Do negocjacji,1
Krystian,https://useme-prod-public.s3.amazonaws.com/avatars/057/252457.png,,Znika za 90 dni,Szukamy osoby do luÅºnej obsÅ‚ugi klienta - odpowiadaj na pytania i zamykaj sprzedaÅ¼!,"https://useme.com/pl/jobs/szukamy-osoby-do-luznej-obsugi-klienta-odpowiadaj-na-pytania-i-zamykaj-sprzedaz,105026/","Hej! Szukamy kogoÅ›, kto w tygodniu (od poniedziaÅ‚ku do piÄ…tku, 8-16, ewentualnie godziny do dogadania) bÄ™dzie dostÄ™pny pod telefonem, Å¼eby odbieraÄ‡ poÅ‚Ä…czenia od klientÃ³w zainteresowanych stworzeniem strony internetowej. Nie martw siÄ™ â€“ to nie...",Description not found,ObsÅ‚uga klienta,"https://useme.com/pl/jobs/category/zlecenia-dla-studentow,5/obsluga-klienta,64/",Do negocjacji,1
qbicz,/static/images/avatar/empty-neutral.d332f86a913c.svg,,Znika za 30 dni,Panel klienta na stronie internetowej,"https://useme.com/pl/jobs/panel-klienta-na-stronie-internetowej,105025/","Celem zlecenia jest stworzenie panelu klienta. Schemat panelu jest dostÄ™pny na zaÅ‚Ä…czonym zdjÄ™ciu.

ZAKRES PRACY
Konta uÅ¼ytkownikÃ³w:
- Tworzenie kont uÅ¼ytkownikÃ³w z przypisywaniem loginÃ³w i haseÅ‚.
- Wprowadzenie podstawowych informacji o...",Description not found,Strony internetowe,"https://useme.com/pl/jobs/category/serwisy-internetowe,34/strony-internetowe,96/",Do negocjacji,1
Luxwiev,/static/images/avatar/empty-neutral.d332f86a913c.svg,,Znika za 30 dni,Grafik komputerowy,"https://useme.com/pl/jobs/grafik-komputerowy,105024/",Witam szukam grafika komputerowego tworzenie wizualizacji branÅ¼a dekoracja wnÄ™trz druk fototapet tylko doÅ›wiadczone osoby w tej branÅ¼y,Description not found,Grafika 2D,"https://useme.com/pl/jobs/category/design,38/grafika-2d,118/",Do negocjacji,1
ewapil,https://useme-prod-public.s3.amazonaws.com/avatars/073/267773_cH1w7RT.png,,Znika za 30 dni,UI - Landing Page,"https://useme.com/pl/jobs/ui-landing-page,105021/","CzeÅ›Ä‡!
Mamy juÅ¼ zaprojektowanÄ… aplikacjÄ™ mobilnÄ…, a teraz potrzebujemy landing page.
Landing page ma skÅ‚adaÄ‡ siÄ™ z sekcji ""hero"", na ktÃ³rej bÄ™dÄ… dostÄ™pne dwa buttony, przekierowujÄ…ce do dwÃ³ch rÃ³Å¼nych sekcji:
1 sekcja sklada sie z nastepujacych...",Description not found,Projektowanie UX/UI,"https://useme.com/pl/jobs/category/design,38/projektowanie-ux-ui,121/",Do negocjacji,1
Studio24,/static/images/avatar/empty-neutral.d332f86a913c.svg,,Znika za 30 dni,Specjalista do dopracowania strony w serwisie Framer,"https://useme.com/pl/jobs/specjalista-do-dopracowania-strony-w-serwisie-framer,105020/","PoszukujÄ™ osoby, ktÃ³ra pomoÅ¼e mi w dostosowaniu juÅ¼ gotowej strony stworzonej w serwisie Framer. Aktualnie istnieje jedynie wersja desktopowa, a potrzebujÄ™ jej peÅ‚nej responsywnoÅ›ci, obejmujÄ…cej wersje na tablet i mobile.

Zakres...",Description not found,Strony internetowe,"https://useme.com/pl/jobs/category/serwisy-internetowe,34/strony-internetowe,96/",Do negocjacji,1
JMFM SPÃ“ÅKA Z OGRANICZONÄ„ ODP,/static/images/avatar/empty-neutral.d332f86a913c.svg,,Znika za 30 dni,Stworzenie landing page,"https://useme.com/pl/jobs/stworzenie-landing-page,105019/","DzieÅ„ dobry,

Potrzebujemy stworzyÄ‡ landing page, na ktÃ³rym bÄ™dÄ… sprzedawane eBooki. Na LP znajdzie siÄ™ podstrona ""Kontakt"" oraz ""O mnie."" Posiadam stworzony design w Figmie na desktop oraz mobile.

Docelowa platforma to WooCommerce lub...",Description not found,Sklepy internetowe,"https://useme.com/pl/jobs/category/serwisy-internetowe,34/sklepy-internetowe,97/",Do negocjacji,2
Creative Answer,/static/images/avatar/empty-neutral.d332f86a913c.svg,,Znika za 30 dni,Proste video / zmontowanie filmu,"https://useme.com/pl/jobs/proste-video-zmontowanie-filmu,105018/",Szukam na szybko osoby ktÃ³ra z gotowych materiaÅ‚Ã³w zmontuje 3 min film. Bardzo prosty montaÅ¼,Description not found,Video,"https://useme.com/pl/jobs/category/multimedia,36/video,106/","500,00 PLN",2
Peopact,https://useme-prod-public.s3.amazonaws.com/avatars/087/148487.png,,Znika za 30 dni,"Budowa sklepu internetowego "" BEZ PÅATNOÅšÄ†I""","https://useme.com/pl/jobs/budowa-sklepu-internetowego-bez-patnosci,105017/",Hej poszukujÄ™ osoby ktÃ³ra wykona dla mnie sklep internetowy bez funkcji pÅ‚atnoÅ›ci zamiast funkcji Kup teraz bÄ™dzie wyÅ›lij do wyceny poniewaÅ¼ bÄ™dziemy sprzedawaÄ‡ materiaÅ‚y ktÃ³rych ciÄ™Å¼ko jest obliczyÄ‡ transport. CaÅ‚oÅ›Ä‡ opisze w rozmowie.,Description not found,Sklepy internetowe,"https://useme.com/pl/jobs/category/serwisy-internetowe,34/sklepy-internetowe,97/",Do negocjacji,2
marta_342367,/static/images/avatar/empty-neutral.d332f86a913c.svg,,Znika za 30 dni,Przygotowanie bazy adresÃ³w emailowych,"https://useme.com/pl/jobs/przygotowanie-bazy-adresow-emailowych,105015/","Na podstawie przygotowanej przeze mnie listy nazw firm, potrzebujÄ™ tabeli z adresem emailowym danej firmy lub informacji, Å¼e nie udaÅ‚o siÄ™ go odnaleÅºÄ‡. AdresÃ³w mailowych szukamy w Google'u, na ogÃ³lnodostÄ™pnych firmowych stronach.

PrzewidujÄ™...",Description not found,Bazy danych,"https://useme.com/pl/jobs/category/prace-biurowe,40/bazy-danych,130/",Do negocjacji,2
SEOSKI MARCIN SKIBA,/static/images/avatar/empty-neutral.d332f86a913c.svg,,Znika za 30 dni,Poszukujemy Wirtualnej Asystentki,"https://useme.com/pl/jobs/poszukujemy-wirtualnej-asystentki,105014/","Poszukujemy wirtualnej asystentki do wsparcia naszego zespoÅ‚u w zakresie obsÅ‚ugi klientÃ³w. Idealna kandydatka powinna byÄ‡ zorganizowana, komunikatywna i umieÄ‡ pracowaÄ‡ w zespole.

OgÃ³lny zakres obowiÄ…zkÃ³w:

ObsÅ‚uga klientÃ³w:
- Odpowiadanie na...",Description not found,Wirtualna asystentura,"https://useme.com/pl/jobs/category/prace-biurowe,40/wirtualna-asystentura,131/",Do negocjacji,2
Diagly,/static/images/avatar/empty-neutral.d332f86a913c.svg,,Znika za 30 dni,Interaktywny formularz AI,"https://useme.com/pl/jobs/interaktywny-formularz-ai,105013/","CzeÅ›Ä‡,

ZakreÅ›lÄ™ nieco co mamy obecnie :) Tworzymy w startupie aplikacjÄ™ webowÄ…. Ma ona obecnie 4 widoki, w tym logowanie i rejestracja. GÅ‚Ã³wny widok, ktÃ³ry wymaga pracy moÅ¼na przyrÃ³wnaÄ‡ do interaktywnego formularza, ktÃ³ry przy uÅ¼yciu AI...",Description not found,Projektowanie UX/UI,"https://useme.com/pl/jobs/category/design,38/projektowanie-ux-ui,121/",Do negocjacji,2
Rosfix,/static/images/avatar/empty-neutral.d332f86a913c.svg,,Znika za 30 dni,Prowadzenie kampanii Google Ads i Facebook Ads + Tworzenie Prostych BanerÃ³w Reklamowych,"https://useme.com/pl/jobs/prowadzenie-kampanii-google-ads-i-facebook-ads-tworzenie-prostych-banerow-reklam,105012/","Poszukujemy doÅ›wiadczonego freelancera do dÅ‚ugoterminowej wspÃ³Å‚pracy przy prowadzeniu kampanii reklamowych na Google Ads i Facebook Ads oraz tworzeniu prostych, ale skutecznych banerÃ³w reklamowych.

Zakres obowiÄ…zkÃ³w:

Planowanie i realizacja...",Description not found,Kampanie reklamowe,"https://useme.com/pl/jobs/category/marketing,37/kampanie-reklamowe,109/",Do negocjacji,2
Jacek,/static/images/avatar/empty-neutral.d332f86a913c.svg,,Znika za 30 dni,Stworzenie Aplikacji desktopowej. Lokalny model AI na komputerze dziÄ™ki czemu bÄ™dzie moÅ¼na generowaÄ‡ opisy tytuÅ‚y....,"https://useme.com/pl/jobs/stworzenie-aplikacji-desktopowej-lokalny-model-ai-na-komputerze-dzieki-czemu-bed,104998/","Stworzenie Aplikacji desktopowej. Lokalny model AI na komputerze dziÄ™ki czemu bÄ™dzie moÅ¼na generowaÄ‡ opisy tytuÅ‚y i sÅ‚owa kluczowe dla plikÃ³w jpg i klipÃ³w.
OgÃ³lnie przygotowanie metatagÃ³w dla materiaÅ‚Ã³w ktÃ³re bÄ™dÄ… wgrywane do serwisÃ³w stokowych",Description not found,Oprogramowanie,"https://useme.com/pl/jobs/category/programowanie-i-it,35/oprogramowanie,100/",Do negocjacji,2
JoannaLechowicz,https://useme-prod-public.s3.amazonaws.com/avatars/056/127156_je1QlmY.png,,Znika za 30 dni,Branding dla agencji marketingowej,"https://useme.com/pl/jobs/branding-dla-agencji-marketingowej,105006/","PoszukujÄ™ osoby, ktÃ³ra wykonaÅ‚aby peÅ‚nÄ… identyfikacjÄ™ wizualnÄ… dla agencji marketingowej. ZaleÅ¼y mi na tym, by identyfikacja zawieraÅ‚a peÅ‚ny komplet informacji, takich jak:
logo,
kolorystyka,
krÃ³j pisma,
i wszelkie inne warianty graficzne,...",Description not found,Grafika 2D,"https://useme.com/pl/jobs/category/design,38/grafika-2d,118/",Do negocjacji,2
Mariusz,/static/images/avatar/empty-neutral.d332f86a913c.svg,,Znika za 30 dni,Logo firmy,"https://useme.com/pl/jobs/logo-firmy,105008/","PtrzebujÄ™ stworzyÄ‡ logo dla firmy fizjoterapeutycznej, do wykorzystania na stronie internetowej. ZaleÅ¼y mi na czymÅ› prostym i nowoczesnym zarazem. MoÅ¼e zawieraÄ‡ imie nazwisko + fizjoterapia lub coÅ› na bazie samych  inicjaÅ‚Ã³w, lub jakis logotyp i...",Description not found,Grafika 2D,"https://useme.com/pl/jobs/category/design,38/grafika-2d,118/",Do negocjacji,2
Cafessima,https://useme-prod-public.s3.amazonaws.com/avatars/055/056955_cBtCSyr.png,,Znika za 30 dni,"Wsparcie przy wejÅ›ciu na rÃ³Å¼ne marketplace: Kaufland, Velomarket, eMAG, PHH Group.","https://useme.com/pl/jobs/wsparcie-przy-wejsciu-na-rozne-marketplace-kaufland-velomarket-emag-phh-group,105007/","Posiadamy sklep cafessima.pl
Poszukujemy osoby, ktÃ³re pomoÅ¼e nam w uruchomieniu sprzedaÅ¼y na platformach: Kaufland, Velomarket, eMAG, PHH Group.
WÅ‚asnymi siÅ‚ami wprowadziliÅ›my sklep na polskie marketplace: Allegro, Inpost Fresh, Erli,...",Description not found,SprzedaÅ¼ i obsÅ‚uga sprzedaÅ¼y,"https://useme.com/pl/jobs/category/marketing,37/sprzedaz-i-obsuga-sprzedazy,113/",Do negocjacji,2
Kamil Ciempka,https://useme-prod-public.s3.amazonaws.com/avatars/038/402938.png,,Znika za 30 dni,"Nagranie lektorskie ok 1/2 strony A4 do internetu, gÅ‚os mÄ™ski lub Å¼eÅ„ski","https://useme.com/pl/jobs/nagranie-lektorskie-ok-12-strony-a4-do-internetu-gos-meski-lub-zenski,105009/","ZlecÄ™ wykonanie krÃ³tkiego nagrania lektorskiego na potrzeby kanaÅ‚u na YouTube. KanaÅ‚ jest maÅ‚o znany, informacyjny, infrastrukturalny. Do przeczytania i nagrania byÅ‚oby ok 10 zdaÅ„ informacyjnych. FilmikÃ³w do nagrania w miesiÄ…cu moÅ¼e byÄ‡ kilka....",Description not found,DÅºwiÄ™k i muzyka,"https://useme.com/pl/jobs/category/multimedia,36/dzwiek-i-muzyka,108/",Do negocjacji,2
Fit Elite,/static/images/avatar/empty-neutral.d332f86a913c.svg,,Znika za 30 dni,"ArtykuÅ‚y/Wpisy o tematyce medytacji, technik oddechowych, psychologii","https://useme.com/pl/jobs/artykuywpisy-o-tematyce-medytacji-technik-oddechowych-psychologii,105011/","Szukam osoby z podstawowÄ… wiedzÄ… na temat technik oddechowych, medytacji i rÃ³Å¼nych metod pracy w psychologii.

Potrzebna jest umiejÄ™tnoÅ›Ä‡ dobrego reserchu ze ÅºrÃ³deÅ‚ zagranicznych .
BÄ™dÄ… pisane artykuÅ‚y/treÅ›ci o nowej metodzie oddechowej -...",Description not found,Copywriting i teksty,"https://useme.com/pl/jobs/category/marketing,37/copywriting-i-teksty,110/",Do negocjacji,2
QualityIsland,https://useme-prod-public.s3.amazonaws.com/avatars/099/121499.png,,Znika za 30 dni,"Szukamy doÅ›wiadczonego specjalisty od AWS, ktÃ³ry postawi nam maÅ‚Ä… infrastrukturÄ™ serwerowÄ… wedÅ‚ug wymagaÅ„","https://useme.com/pl/jobs/szukamy-doswiadczonego-specjalisty-od-aws-ktory-postawi-nam-maa-infrastrukture-s,105005/","Szukamy doÅ›wiadczonego specjalisty od AWS, ktÃ³ry postawi nam maÅ‚Ä… infrastrukturÄ™ serwerowÄ… (3 serwery)  wedÅ‚ug wymagaÅ„, a po zleceniu zrealizuje krÃ³tkie szkolenie jak tym zarzÄ…dzaÄ‡. Po stworzeniu infrastuktry potrzeba teÅ¼ zestawiÄ‡  tunelu...",Description not found,Administracja serwerami,"https://useme.com/pl/jobs/category/programowanie-i-it,35/administracja-serwerami,104/",Do negocjacji,2
Fit Elite,/static/images/avatar/empty-neutral.d332f86a913c.svg,,Znika za 30 dni,Ulepszenie/Modyfikacja dziaÅ‚ajÄ…cego lejka sprzedaÅ¼owego,"https://useme.com/pl/jobs/ulepszeniemodyfikacja-dziaajacego-lejka-sprzedazowego,105004/","Poszukujemy specjalisty ktÃ³ry ulepszy aktualnie wdroÅ¼ony lejek sprzedaÅ¼owy dla webinaru.
 
Obecnie co tydzieÅ„ jest webinar i oferta sprzedaÅ¼ z tygodniowym oknem sprzedaÅ¼owym.
Monitorujemy sprzedaÅ¼- ROI co tydzieÅ„ i patrzymy na zwroty.

Celem jest...",Description not found,Kampanie reklamowe,"https://useme.com/pl/jobs/category/marketing,37/kampanie-reklamowe,109/",Do negocjacji,2
Wiktor,/static/images/avatar/empty-neutral.d332f86a913c.svg,,Znika za 30 dni,Sklep internetowy z eventami,"https://useme.com/pl/jobs/sklep-internetowy-z-eventami,105001/","Czas realizacji do koÅ„ca listopada.

ZlecÄ™ wykonanie sklepu internetowego w jakim prowadzona bÄ™dzie sprzedaÅ¼ eventÃ³w. Produkty elektroniczne i fizyczne.",Description not found,Sklepy internetowe,"https://useme.com/pl/jobs/category/serwisy-internetowe,34/sklepy-internetowe,97/","2000,00 PLN",2
Tomek13,/static/images/avatar/empty-neutral.d332f86a913c.svg,,Znika za 30 dni,Deweloper PHP z doÅ›wiadczeniem w Smarty i Bootstrap â€“ Dostosowanie oraz zmiana szaty graficznej portalu ogÅ‚oszeniowego,"https://useme.com/pl/jobs/deweloper-php-z-doswiadczeniem-w-smarty-i-bootstrap-dostosowanie-oraz-zmiana-sza,104999/","PoszukujÄ™ doÅ›wiadczonego programisty PHP do delikatnego dostosowania istniejÄ…cego skryptu do portalu z ogÅ‚oszeniami usÅ‚ug oraz zmiany jego szaty graficznej. Projekt oparty jest na technologii PHP, z oddzielonÄ… warstwÄ… graficznÄ… wykorzystujÄ…cÄ…...",Description not found,Strony internetowe,"https://useme.com/pl/jobs/category/serwisy-internetowe,34/strony-internetowe,96/",Do negocjacji,2
Tastystyle,https://useme-prod-public.s3.amazonaws.com/avatars/097/201397_cPBYOUh.png,,Znika za 30 dni,Kreatywny montaÅ¼ wideo.,"https://useme.com/pl/jobs/kreatywny-montaz-wideo,104997/",Podobna stylÃ³wa jak w linku https://www.youtube.com/watch?v=LMayWdD7Oac,Description not found,Video,"https://useme.com/pl/jobs/category/multimedia,36/video,106/",Do negocjacji,2
,/static/images/avatar/empty-neutral.d332f86a913c.svg,,Znika za 30 dni,Modyfikacja kodu php wtyczki Wordpress WP Crowdfunding,"https://useme.com/pl/jobs/modyfikacja-kodu-php-wtyczki-wordpress-wp-crowdfunding,104995/","www.pawelperfect.pl 
Poszukiwany Programista PHP do Modyfikacji Wtyczki WP Crowdfunding
Szukamprogramisty PHP do modyfikacji wtyczki WP Crowdfunding. Projekt polega na dodaniu funkcji przeliczania walut miÄ™dzy euro (EUR) a zÅ‚otÃ³wkami (PLN) w...",Description not found,Aplikacje webowe,"https://useme.com/pl/jobs/category/programowanie-i-it,35/aplikacje-webowe,102/","100,00 PLN",2
Nowatorskie Domy,/static/images/avatar/empty-neutral.d332f86a913c.svg,,Znika za 30 dni,Projekt > deployment > utrzymanie > rozwÃ³j - stron firmowych www,"https://useme.com/pl/jobs/projekt-deployment-utrzymanie-rozwoj-stron-firmowych-www,104994/","Strona ma dotyczyÄ‡ dziaÅ‚alnoÅ›ci deweloperskiej - budowa domÃ³w bliÅºniaczych i szeregowych - a wiÄ™c zdjÄ™cia oraz projekty do przygotowania i wgrania.
Bardzo moÅ¼liwe proste wizualizacje 3D.
Dla kaÅ¼dej nowej inwestycji - kolejna www w tym samym...",Description not found,Strony internetowe,"https://useme.com/pl/jobs/category/serwisy-internetowe,34/strony-internetowe,96/",Do negocjacji,2
Promotion,https://useme-prod-public.s3.amazonaws.com/avatars/057/229157.png,,Znika za 30 dni,Stworzenie krÃ³tkiej 2-3 sek. animacji / dÅ¼ingla video z logo,"https://useme.com/pl/jobs/stworzenie-krotkiej-2-3-sek-animacji-dzingla-video-z-logo,104993/","ZlecÄ™ stworzenie krÃ³tkiej 2-3 sekundowej animacji / dÅ¼ingla video z logo. Animacja ma byÄ‡ czeÅ›ciowo przezroczysta, ma sÅ‚uÅ¼yÄ‡ gÅ‚Ã³wnie jako przerywnik w programie wideo, pomiÄ™dzy dwoma jego elementami. W duÅ¼ym stopniu chodzi o coÅ› podobnego (nie...",Description not found,Animacja,"https://useme.com/pl/jobs/category/multimedia,36/animacja,105/",Do negocjacji,3
Monika,/static/images/avatar/empty-neutral.d332f86a913c.svg,,Znika za 30 dni,TÅ‚umaczenie cv z PL/ANG > BUÅGARSKI,"https://useme.com/pl/jobs/tumaczenie-cv-z-plang-bugarski,104992/","Zlece tÅ‚umaczenie cv z PL/ANG > BUÅGARSKI, 67 sÅ‚Ã³w",Description not found,JÄ™zyk angielski,"https://useme.com/pl/jobs/category/tlumaczenia,39/jezyk-angielski,122/","50,00 PLN",3
Oskar | Dotinvent,https://useme-prod-public.s3.amazonaws.com/avatars/052/270352.png,,Znika za 30 dni,ğŸ¾ SOCIAL MEDIA MANAGER - PROJEKT TENISOWY,"https://useme.com/pl/jobs/social-media-manager-projekt-tenisowy,104991/","ğŸ¾ SOCIAL MEDIA MANAGER - PROJEKT TENISOWY dla rozwijajÄ…cego siÄ™ projektu z branÅ¼y tenisowej poszukujemy kreatywnego Social Media Managera z pasjÄ… do sportu!

ğŸ“ O PROJEKCIE:
JesteÅ›my spoÅ‚ecznoÅ›ciÄ… ekspertÃ³w tenisowych, dostarczajÄ…cÄ…...",Description not found,Social media,"https://useme.com/pl/jobs/category/marketing,37/social-media,111/","1500,00 PLN",3
LUKASZW,/static/images/avatar/empty-neutral.d332f86a913c.svg,,Znika za 30 dni,Specjalista SEO,"https://useme.com/pl/jobs/specjalista-seo,104990/","Szukamy specjalisty SEO, ktÃ³ry pomoÅ¼e nam poprawiÄ‡ widocznoÅ›Ä‡ naszego sklepu www. JeÅ›li masz doÅ›wiadczenie, wiesz, jak optymalizowaÄ‡ treÅ›ci i lubisz analizowaÄ‡ dane, to chÄ™tnie z TobÄ… porozmawiamy!

Co bÄ™dzie do zrobienia:
â€¢ Przeprowadzenie...",Description not found,SEO,"https://useme.com/pl/jobs/category/marketing,37/seo,112/",Do negocjacji,3
Piotr_Tychy,/static/images/avatar/empty-neutral.d332f86a913c.svg,,Znika za 30 dni,G Ads - mikro zlecenie,"https://useme.com/pl/jobs/g-ads-mikro-zlecenie,104989/","ZlecÄ™ przygotowanie 1 kampanii G Ads na max. 2-3 sÅ‚owa kluczowe dla 1 kategorii produktowej. JeÅ¼eli efekt docelowy zostanie osiÄ…gniÄ™ty to rozszerzymy dziaÅ‚ania na kolejne kategorie, a jest ich niespeÅ‚na 300.",Description not found,SEO,"https://useme.com/pl/jobs/category/marketing,37/seo,112/",Do negocjacji,3
Marcin - Inventively,https://useme-prod-public.s3.amazonaws.com/avatars/019/072619.png,,Znika za 60 dni,After effects: video prezentujÄ…ce aplikacjÄ™ mobilnÄ… i webowÄ…,"https://useme.com/pl/jobs/after-effects-video-prezentujace-aplikacje-mobilna-i-webowa,104988/","Hej, 

ProszÄ™ zerknÄ…Ä‡ na zaÅ‚Ä…czony przykÅ‚ad ktÃ³ry znalazÅ‚em na https://500designs.com/work/trendpop/ ChciaÅ‚bym podobne video na mojÄ… stronÄ™. 

Dostarczymy gotowe assety w Figmie. NaleÅ¼y wykonaÄ‡ animacjÄ™. PodkÅ‚ad muzyczny nie jest potrzebny....",Description not found,Video,"https://useme.com/pl/jobs/category/multimedia,36/video,106/",Do negocjacji,3
WebLeaders,https://useme-prod-public.s3.amazonaws.com/avatars/049/258249.png,,Znika za 29 dni,DevOps do optymalizacji VPS hostujÄ…cego strony z bardzo duÅ¼ym ruchem,"https://useme.com/pl/jobs/devops-do-optymalizacji-vps-hostujacego-strony-z-bardzo-duzym-ruchem,104985/","PoszukujÄ™ doÅ›wiadczonego DevOpsa do optymalizacji naszej infrastruktury serwerowej. Obecnie obsÅ‚ugujemy rosnÄ…cy ruch na stacku technologicznym: PHP, Laravel, MySQL, Redis, Varnish Cache, Meilisearch i Nginx.
Ruch jaki obsÅ‚ugujemy w ostatnim...",Description not found,Administracja serwerami,"https://useme.com/pl/jobs/category/programowanie-i-it,35/administracja-serwerami,104/",Do negocjacji,3
SZYMCZYK MEDIA,https://useme-prod-public.s3.amazonaws.com/avatars/019/208819_8ZIUbkN.png,,Znika za 29 dni,Handlowiec do sprzedaÅ¼y usÅ‚ugi agencji - pozyskiwanie kontaktÃ³w,"https://useme.com/pl/jobs/handlowiec-do-sprzedazy-usugi-agencji-pozyskiwanie-kontaktow,104984/","Witam pozyskuje klientÃ³w dla firm za pomocÄ… rÃ³Å¼nych metod, atrakcyjnÄ… ofertÄ….

W zakresie zlecanych pracy wchodzi prospecting i obsÅ‚uga sprzedaÅ¼y w dowolnej formie.

Prosimy o wycenÄ™ miesiÄ…ca pracy dla deklarowanej iloÅ›ci godzin.

...",Description not found,SprzedaÅ¼ i obsÅ‚uga sprzedaÅ¼y,"https://useme.com/pl/jobs/category/marketing,37/sprzedaz-i-obsuga-sprzedazy,113/","500,00 PLN",3
Cotton Stories,/static/images/avatar/empty-neutral.d332f86a913c.svg,,Znika za 29 dni,Przeprojektowanie strony internetowej pod kÄ…tem UI,"https://useme.com/pl/jobs/przeprojektowanie-strony-internetowej-pod-katem-ui,104983/","ZlecÄ™ przerobienie szaty graficznej/strony wizualnej naszej strony internetowej. Potrzebujemy nowego, Å›wieÅ¼ego wyglÄ…du, ktÃ³ry lepiej odda charakter naszej marki i przyciÄ…gnie uwagÄ™ uÅ¼ytkownikÃ³w.

Zakres zlecenia:

	â€¢	Zaprojektowanie i...",Description not found,Projektowanie UX/UI,"https://useme.com/pl/jobs/category/design,38/projektowanie-ux-ui,121/",Do negocjacji,3
Management,https://useme-prod-public.s3.amazonaws.com/avatars/053/419753.png,,Znika za 89 dni,Niemcy/Rammstein - budowa szpitalu dla amerykaÅ„skich Å¼olnierzy,"https://useme.com/pl/jobs/niemcyrammstein-budowa-szpitalu-dla-amerykanskich-zolnierzy,104977/","Poszukujemy osoby ze znajomoÅ›ciÄ… jÄ™zyka niemieckiego lub j.angielskiego w celu przeprowadzenia wymiany E-maili lub listowej z wszystkimi osobami decyzyjnymi (Prezes lub v-ce Prezes) tych podwykonawcÃ³w ,ktÃ³re nadzorujÄ… realizacjÄ™ kontraktu budowy...",Description not found,Wirtualna asystentura,"https://useme.com/pl/jobs/category/prace-biurowe,40/wirtualna-asystentura,131/",Do negocjacji,3
Management,https://useme-prod-public.s3.amazonaws.com/avatars/053/419753.png,,Znika za 89 dni,W.Brytania - naiwÄ…zanie kontaktu z osoba decyzyjna wraz z przygotowaniem umowy,"https://useme.com/pl/jobs/wbrytania-naiwazanie-kontaktu-z-osoba-decyzyjna-wraz-z-przygotowaniem-umowy,104975/","Poszukujemy osoby ze znajomoÅ›ciÄ… jÄ™zyka angielskiego w celu przeprowadzenia wymiany E-maili lub listowej z wszystkimi osobami decyzyjnymi (Prezes lub v-ce Prezes) tych podwykonawcÃ³w ,ktÃ³re nadzorujÄ… realizacjÄ™ kontraktu budowy trasy kolei...",Description not found,Wirtualna asystentura,"https://useme.com/pl/jobs/category/prace-biurowe,40/wirtualna-asystentura,131/",Do negocjacji,3
Management,https://useme-prod-public.s3.amazonaws.com/avatars/053/419753.png,,Znika za 89 dni,"Dania /Femernbelt/ - nawiÄ…zanie kontaktu z osoba decyzyjna , i doprowadzenie do podpisania umowy.","https://useme.com/pl/jobs/dania-femernbelt-nawiazanie-kontaktu-z-osoba-decyzyjna-i-doprowadzenie-do-podpis,104974/","Poszukujemy osoby ze znajomoÅ›ciÄ… jÄ™zyka duÅ„skiego lub j.angielskiego w celu przeprowadzenia wymiany E-maili lub listowej z wszystkimi osobami decyzyjnymi (Prezes lub v-ce Prezes) tych podwykonawcÃ³w ,ktÃ³re nadzorujÄ… realizacjÄ™ kontraktu budowy...",Description not found,Wirtualna asystentura,"https://useme.com/pl/jobs/category/prace-biurowe,40/wirtualna-asystentura,131/",Do negocjacji,3
Bolt Food,https://useme-prod-public.s3.amazonaws.com/avatars/030/261630.png,,Znika za 29 dni,Fotografia kulinarna - Bolt Food [ÅÃ³dÅº],"https://useme.com/pl/jobs/fotografia-kulinarna-bolt-food-odz,104981/","Bolt Food, jedna z czoÅ‚owych aplikacji do dowoÅ¼enia jedzenia, poszukuje doÅ›wiadczonego fotografa kulinarnego do realizacji sesji zdjÄ™ciowych w nowych restauracjach naszej sieci, zlokalizowanych w Åodzi.

WYMAGANIA:

-DoÅ›wiadczenie w fotografii...",Description not found,Fotografia,"https://useme.com/pl/jobs/category/multimedia,36/fotografia,107/","500,00 PLN",3
Digital Just Better Sp. z o.o.,/static/images/avatar/empty-neutral.d332f86a913c.svg,,Znika za 29 dni,"ArtykuÅ‚y o tematyce medytacji, mindfulness, kursach MBSR, jodze","https://useme.com/pl/jobs/artykuy-o-tematyce-medytacji-mindfulness-kursach-mbsr-jodze,104978/","DzieÅ„ dobry, poszukujÄ™ autorek i autorÃ³w do pisania artykuÅ‚Ã³w o tematyce Mindfulness (nowopowstajÄ…cy serwis internetowy o tematyce uwaÅ¼noÅ›ci). Zlecenie obejmuje pisanie treÅ›ci (artykuÅ‚Ã³w) o takiej tematyce jak: medytacja, kursy medytacji, kursy...",Description not found,Copywriting i teksty,"https://useme.com/pl/jobs/category/marketing,37/copywriting-i-teksty,110/",Do negocjacji,3
LM,/static/images/avatar/empty-neutral.d332f86a913c.svg,,Znika za 29 dni,Modyfikacja 2 szt. zdjÄ™Ä‡ pochodzÄ…cych ze stoku,"https://useme.com/pl/jobs/modyfikacja-2-szt-zdjec-pochodzacych-ze-stoku,104973/","Korekta i modelowanie 2 szt. zdjÄ™Ä‡ pochodzÄ…cych ze stoku. 
1) Fotografia przedstawiajÄ…ca wspinaczkÄ™ na hali sportowej
2) Fotografia przedstawiajÄ…ca kobietÄ™ i mÄ™Å¼czyznÄ™ na siÅ‚owni

Termin wykonanie do 24 listopada 2024 r. 
Wymagane...",Description not found,Fotografia,"https://useme.com/pl/jobs/category/multimedia,36/fotografia,107/","143,00 PLN",3
Management,https://useme-prod-public.s3.amazonaws.com/avatars/053/419753.png,,Znika za 89 dni,SAP - Migracja danych z SAP do SAP S/4HANA.,"https://useme.com/pl/jobs/sap-migracja-danych-z-sap-do-sap-s4hana,104972/","Poszukujemy koordynatora/Menager/ ktÃ³ry ma doÅ›wiadczenie i kompetencje do zarzÄ…dzania projektem do przeprowadzenia migracji danych z SAP do SAP S/4HANA. Migracja danych ma odbywaÄ‡ siÄ™ w formie ""Umowy o dzieÅ‚o"".ProszÄ™ o podanie ceny jednostkowej...",Description not found,ZarzÄ…dzanie projektami,"https://useme.com/pl/jobs/category/prace-biurowe,40/zarzadzanie-projektami,136/",Do negocjacji,3
lesnesikorki,/static/images/avatar/empty-neutral.d332f86a913c.svg,,Znika za 29 dni,Wykonanie strony internetowej placÃ³wki,"https://useme.com/pl/jobs/wykonanie-strony-internetowej-placowki,104971/","ZlecÄ™ wykonanie strony internetowej placÃ³wki (Å¼Å‚obek, przedszkole) szata juÅ¼ istniejÄ…ca, nowa domena utworzenie dwÃ³ch placÃ³wek na jednej stronie, z przeniesieniem do juÅ¼ istniejÄ…cej. Odpowiednia konfiguracja odnajdywania strony, zamieszczenie...",Description not found,Strony internetowe,"https://useme.com/pl/jobs/category/serwisy-internetowe,34/strony-internetowe,96/",Do negocjacji,3
Weronika,/static/images/avatar/empty-neutral.d332f86a913c.svg,,Znika za 29 dni,Filmy UGC dla pilotÃ³w/osÃ³b zainteresowanych lotnictwem,"https://useme.com/pl/jobs/filmy-ugc-dla-pilotowosob-zainteresowanych-lotnictwem,104970/","ZlecÄ™ produkcjÄ™ krÃ³tkich filmÃ³w UGC prezentujÄ…cych stronÄ™ internetowÄ… oraz aplikacjÄ™ mobilnÄ… oferujÄ…cÄ… moÅ¼liwoÅ›Ä‡ zdania egzaminu ICAO 4/5/6 online oraz kurs pomagajÄ…cy zdaÄ‡ egzamin ICAO.

W filmach zaleÅ¼y nam na prawdziwych doÅ›wiadczeniach...",Description not found,Video,"https://useme.com/pl/jobs/category/multimedia,36/video,106/",Do negocjacji,3
Evermore Sp. z o.o.,/static/images/avatar/empty-neutral.d332f86a913c.svg,,Znika za 59 dni,ObsÅ‚uga sklepu PRESTA,"https://useme.com/pl/jobs/obsuga-sklepu-presta,104968/","PotrzebujÄ™ wsparcia przy sklepie internetowym postawionym na Presta Shop. 
Aktualizacje, poprawki, wÅ‚Ä…czanie wtyczek, import danych, sprawdzanie poprawnosci funkcjonowania.",Description not found,ObsÅ‚uga sklepÃ³w internetowych,"https://useme.com/pl/jobs/category/serwisy-internetowe,34/obsuga-sklepow-internetowych,99/",Do negocjacji,3
cezary_,/static/images/avatar/empty-neutral.d332f86a913c.svg,,Znika za 29 dni,Grafiki na Amazon A+ Content Enhanced Brand Content,"https://useme.com/pl/jobs/grafiki-na-amazon-a-content-enhanced-brand-content,104967/",ZlecÄ™ wykonanie grafik do Amazon Enhanced Brand Content. Posiadam swoje rendery produktÃ³w (biaÅ‚e tÅ‚o + aranÅ¼acja). PotrzebujÄ™ kogoÅ› kto zrÄ™cznie wykorzysta stockowe zdjÄ™cia oraz dorobi infografiki do feature'Ã³w produktowych. ProszÄ™ o wycenÄ™ per...,Description not found,Grafika 2D,"https://useme.com/pl/jobs/category/design,38/grafika-2d,118/",Do negocjacji,3
KaksusAds.pl,https://useme-prod-public.s3.amazonaws.com/avatars/007/351907.png,,Znika za 29 dni,NoÅ›niki graficzne na Social Media,"https://useme.com/pl/jobs/nosniki-graficzne-na-social-media,104966/","Z chÄ™ciÄ… nawiÄ…Å¼emy wspÃ³Å‚pracÄ™ w zakresie dostarczenia grafik na kanaÅ‚y social media (zarÃ³wno dla uÅ¼ytku wewnÄ™trznego, jak i dla KlientÃ³w) 
Szukamy kogoÅ› do staÅ‚ej, rozwijajÄ…cej siÄ™ wspÃ³Å‚pracy. 

Realizacja noÅ›nikÃ³w graficznych na podstawie...",Description not found,Grafika 2D,"https://useme.com/pl/jobs/category/design,38/grafika-2d,118/",Do negocjacji,4
Plan B Design,https://useme-prod-public.s3.amazonaws.com/avatars/092/111292_uIFBbyK.png,,Znika za 29 dni,Pozyskiwanie klientÃ³w,"https://useme.com/pl/jobs/pozyskiwanie-klientow,104965/","Witam, 

ZajmujÄ™ siÄ™ kompleksowym projektowaniem graficznym. TworzÄ™ profesjonalne, estetyczne rozwiÄ…zania wizualne, ktÃ³re przyciÄ…gajÄ… klientÃ³w (m.in. projekty brandingowe, grafiki pod social media, strony internetowe, logo, key visual, plakaty,...",Description not found,SprzedaÅ¼ i obsÅ‚uga sprzedaÅ¼y,"https://useme.com/pl/jobs/category/marketing,37/sprzedaz-i-obsuga-sprzedazy,113/",Do negocjacji,4
Brand New Story,https://useme-prod-public.s3.amazonaws.com/avatars/069/104369_1Z6h8Rq.png,,Znika za 29 dni,CiÄ™cie widokÃ³w - dÅ‚ugoterminowa wspÃ³Å‚praca,"https://useme.com/pl/jobs/ciecie-widokow-dugoterminowa-wspopraca,104964/","CzeÅ›Ä‡!
JesteÅ›my Brand New Story â€“ tworzymy strony www, sklepy internetowe i dedykowane rozwiÄ…zania e-commerce. Aktualnie szukamy Partnera do dÅ‚ugoterminowej wspÃ³Å‚pracy w zakresie ciÄ™cia widokÃ³w.   

Zakres wspÃ³Å‚pracy obejmuje:
WspÃ³Å‚praca...",Description not found,Sklepy internetowe,"https://useme.com/pl/jobs/category/serwisy-internetowe,34/sklepy-internetowe,97/",Do negocjacji,4
MagdalenaSrokaFeelgood,/static/images/avatar/empty-neutral.d332f86a913c.svg,,Znika za 29 dni,ObrÃ³bka zdjÄ™Ä‡ + zaprojektowanie okÅ‚adki,"https://useme.com/pl/jobs/obrobka-zdjec-zaprojektowanie-okadki,104963/","Szukamy osoby, ktÃ³ra obrobi graficznie 77 zdjÄ™Ä‡. 
Kolejnym krokiem bÄ™dzie wybÃ³r 3 zdjÄ™Ä‡ ktÃ³re pojawiÄ… siÄ™ na okÅ‚adce, zdjÄ™cie bÄ™dzie jej gÅ‚Ã³wnym elementem - reszta to tylko eleganckie dopeÅ‚nienie 

Po podjÄ™ciu decyzji podeÅ›lemy link do...",Description not found,Fotografia,"https://useme.com/pl/jobs/category/multimedia,36/fotografia,107/",Do negocjacji,4
kiyam,/static/images/avatar/empty-neutral.d332f86a913c.svg,,Znika za 29 dni,MontaÅ¼ filmu z imprezy okolicznoÅ›ciowej (film+kilka zdjÄ™Ä‡),"https://useme.com/pl/jobs/montaz-filmu-z-imprezy-okolicznosciowej-filmkilka-zdjec,104962/","DzieÅ„ dobry,
szukam wykonawcy do montaÅ¼u kilkuminutowego filmu z imprezy okolicznoÅ›ciowej (gÅ‚Ã³wnie z koÅ›cioÅ‚a i kilka minut na sali). MateriaÅ‚ wyjÅ›ciowy to okoÅ‚o 15 minut. Niestety jakoÅ›Ä‡ pozostawia wiele do Å¼yczenia, obraz siÄ™ trzÄ™sie, czasami...",Description not found,Video,"https://useme.com/pl/jobs/category/multimedia,36/video,106/",Do negocjacji,4
joanna_katarzyna,/static/images/avatar/empty-neutral.d332f86a913c.svg,,Znika za 29 dni,Audyt stron + podstawowy plan dziaÅ‚ania/meta opisy,"https://useme.com/pl/jobs/audyt-stron-podstawowy-plan-dziaaniameta-opisy,104961/","ProwadzÄ™ dwie strony internetowe. Jedna ma pÃ³Å‚ roku, a druga miesiÄ…c. Tematyka nieruchomoÅ›ci zagranicÄ…. ArtykuÅ‚y pod SEO piszÄ™ ja, ale chciaÅ‚abym, aby ktoÅ› zrobiÅ‚ podstawowy audyt obydwu stron i powiedziaÅ‚, co moÅ¼na ulepszyÄ‡ oraz ew. wskazaÅ‚ meta...",Description not found,SEO,"https://useme.com/pl/jobs/category/marketing,37/seo,112/",Do negocjacji,4
GS,/static/images/avatar/empty-neutral.d332f86a913c.svg,,Znika za 29 dni,Wirtualna asystentka z jÄ™zykiem francuskim,"https://useme.com/pl/jobs/wirtualna-asystentka-z-jezykiem-francuskim,104960/","Poszukujemy wirtualnej asystentki z pÅ‚ynnym j. francuskim w firmie z branÅ¼y budowlanej. MoÅ¼liwa staÅ‚a wspÃ³Å‚praca.

Cele:
- rozwiÄ…zywanie problemÃ³w pojawiajÄ…cych siÄ™ w projekcie,
- pilotowanie spraw,
- kontrola terminÃ³w,
- uzupeÅ‚nianie...",Description not found,Wirtualna asystentura,"https://useme.com/pl/jobs/category/prace-biurowe,40/wirtualna-asystentura,131/",Do negocjacji,4
MichaÅ‚ Czuga,/static/images/avatar/empty-neutral.d332f86a913c.svg,,Znika za 29 dni,Tekst na landing Page,"https://useme.com/pl/jobs/tekst-na-landing-page,104957/",Potrzebuje stworzyÄ‡ tekst ofertowy  na landing page'a.,Description not found,Copywriting i teksty,"https://useme.com/pl/jobs/category/marketing,37/copywriting-i-teksty,110/",Do negocjacji,4
Kornelia,/static/images/avatar/empty-neutral.d332f86a913c.svg,,Znika za 29 dni,Mapa obiektu hotelowego,"https://useme.com/pl/jobs/mapa-obiektu-hotelowego,104956/","Mapa obiektu hotelowego z oznaczeniem drÃ³g dojazdowych, numeracjÄ… budynkÃ³w oraz oznaczeniem pomieszczeÅ„ ogÃ³lnodostÄ™pnych - sala zabaw, rowerownia, restauracja.",Description not found,Grafika 2D,"https://useme.com/pl/jobs/category/design,38/grafika-2d,118/",Do negocjacji,4
Fitatu Sp. z o.o.,https://useme-prod-public.s3.amazonaws.com/avatars/018/138918.png,,Znika za 29 dni,UGC I Influencer kreator KETO treÅ›ci,"https://useme.com/pl/jobs/ugc-i-influencer-kreator-keto-tresci,104955/","JeÅ›li keto to Twoja pasja, masz talent do tworzenia treÅ›ci i dobrze odnajdujesz siÄ™ w social mediach â€“ zostaÅ„ naszym twÃ³rcÄ…! ğŸ˜ Dla marki KetOnline....

Szukamy kogoÅ›, kto:

- Dzieli siÄ™ wiedzÄ… o keto, dietach niskowÄ™glowodanowych i zdrowym stylu...",Description not found,Social media,"https://useme.com/pl/jobs/category/marketing,37/social-media,111/",Do negocjacji,4
Fitatu Sp. z o.o.,https://useme-prod-public.s3.amazonaws.com/avatars/018/138918.png,,Znika za 29 dni,UGC I Influencer MÄ™Å¼czyzna kreator,"https://useme.com/pl/jobs/ugc-i-influencer-mezczyzna-kreator,104954/","JeÅ›li keto to Twoja pasja, masz talent do tworzenia treÅ›ci i dobrze odnajdujesz siÄ™ w social mediach â€“ zostaÅ„ naszym twÃ³rcÄ…! ğŸ˜

Szukamy kogoÅ›, kto:

- Dzieli siÄ™ wiedzÄ… o keto, dietach niskowÄ™glowodanowych i zdrowym stylu Å¼ycia
- Potrafi tworzyÄ‡...",Description not found,Social media,"https://useme.com/pl/jobs/category/marketing,37/social-media,111/",Do negocjacji,4
Åukasz,/static/images/avatar/empty-neutral.d332f86a913c.svg,,Znika za 29 dni,Ustawienie i parametryzacja HUBSPOT,"https://useme.com/pl/jobs/ustawienie-i-parametryzacja-hubspot,104952/","PoszukujÄ™ osoby, ktÃ³ra poprawnie mi ustawi i zoptymalizuje HUBSPOTA",Description not found,Oprogramowanie,"https://useme.com/pl/jobs/category/programowanie-i-it,35/oprogramowanie,100/",Do negocjacji,4
TopikA,https://useme-prod-public.s3.amazonaws.com/avatars/042/406742.png,,Znika za 29 dni,Aplikacja uÅ‚atwiajÄ…ca pracÄ™,"https://useme.com/pl/jobs/aplikacja-uatwiajaca-prace,104951/","PoszukujÄ™ wykonawcy, ktÃ³ry stworzy aplikacjÄ™ mobilnÄ…/webowÄ… dla HR z funkcjami do zarzÄ…dzania rekrutacjÄ…, organizacjÄ… pracy i komunikacjÄ… wewnÄ™trznÄ…. Aplikacja powinna umoÅ¼liwiaÄ‡ tworzenie i edytowanie ofert pracy, przeglÄ…danie aplikacji...",Description not found,Aplikacje mobilne,"https://useme.com/pl/jobs/category/programowanie-i-it,35/aplikacje-mobilne,101/",Do negocjacji,4
inmovly,/static/images/avatar/empty-neutral.d332f86a913c.svg,,Znika za 29 dni,Pozyskanie klientÃ³w,"https://useme.com/pl/jobs/pozyskanie-klientow,104949/","Poszukujemy osÃ³b do pozyskiwania klientÃ³w na strony internetowe Wordpress.

BÄ™dziemy oferowaÄ‡ hosting w Google Cloud Platform lub Amazon AWS.

Proste strony internetowe, czyste i czytelne z uwzglÄ™dnieniem UX. 
Dla klientÃ³w nie majÄ…cych...",Description not found,SprzedaÅ¼ i obsÅ‚uga sprzedaÅ¼y,"https://useme.com/pl/jobs/category/marketing,37/sprzedaz-i-obsuga-sprzedazy,113/",Do negocjacji,4
Kamil,/static/images/avatar/empty-neutral.d332f86a913c.svg,,Znika za 29 dni,Potrzebuje kilku ujÄ™Ä‡ z Drona w okolicy LubliÅ„ca,"https://useme.com/pl/jobs/potrzebuje-kilku-ujec-z-drona-w-okolicy-lublinca,104948/","BÄ™dziemy nagrywaÄ‡ video dla naszego klienta i potrzebujemy kilku ujÄ™Ä‡ z drona. 
Lokalizacja Lubliniec na Å›lÄ…sku.  Event odbywa siÄ™ w godzinach 9-12 oraz od 15-17. 
Data Eventu 28.10

Pozdrawiam",Description not found,Video,"https://useme.com/pl/jobs/category/multimedia,36/video,106/",Do negocjacji,4
PatTau,/static/images/avatar/empty-neutral.d332f86a913c.svg,,Znika za 29 dni,Elektryk - montaÅ¼ diod LED na obrazie,"https://useme.com/pl/jobs/elektryk-montaz-diod-led-na-obrazie,104947/","Szukam elektryka, ktÃ³ry zamontuje przewÃ³d z diodami LED do 3 obrazÃ³w wydrukowanych na pÃ³Å‚tnie i naciÄ…gniÄ™tych na drewnianÄ… ramÄ™. Diody powinny przebijaÄ‡ siÄ™ punktowo przez pÅ‚Ã³tno - wyznaczÄ™ ok. 20 konkretnych punktÃ³w per obraz. Poza diodami...",Description not found,UsÅ‚ugi,"https://useme.com/pl/jobs/category/inne-prace,13/uslugi,71/",Do negocjacji,4
TopikA,https://useme-prod-public.s3.amazonaws.com/avatars/042/406742.png,,Znika za 29 dni,Aplikacja uÅ‚atwiajÄ…ca organizacje pracy,"https://useme.com/pl/jobs/aplikacja-uatwiajaca-organizacje-pracy,104946/","PoszukujÄ™ wykonawcy aplikacji mobilnej przeznaczonej dla dziaÅ‚Ã³w HR, ktÃ³ra uÅ‚atwi organizacjÄ™ pracy, zarzÄ…dzanie zasobami ludzkimi, procesy rekrutacyjne i komunikacjÄ™ wewnÄ™trznÄ….Aplikacja powinna umoÅ¼liwiaÄ‡ tworzenie i edytowanie ofert pracy,...",Description not found,Aplikacje mobilne,"https://useme.com/pl/jobs/category/programowanie-i-it,35/aplikacje-mobilne,101/",Do negocjacji,4
IGUANA,/static/images/avatar/empty-neutral.d332f86a913c.svg,,Znika za 29 dni,Opisy produktÃ³w do sklepu internetowego,"https://useme.com/pl/jobs/opisy-produktow-do-sklepu-internetowego,104944/",Do opisania mam 210 zapalniczek do sklepu internetowego. KaÅ¼dy opis musi byÄ‡ unikalny i ma mieÄ‡ okoÅ‚o 1600 zzs + krÃ³tki opis produktu na ok. 400 zzs. ProszÄ™ o podanie ceny za opis 1 produktu (dÅ‚ugi i krÃ³tki opis).,Description not found,Copywriting i teksty,"https://useme.com/pl/jobs/category/marketing,37/copywriting-i-teksty,110/",Do negocjacji,4
Kamil221,/static/images/avatar/empty-neutral.d332f86a913c.svg,,Znika za 29 dni,Konfiguracja konta Ebay.de,"https://useme.com/pl/jobs/konfiguracja-konta-ebayde,104943/","Szanowni PaÅ„stwo,

piszÄ™ do PaÅ„stwa poniewaÅ¼ chciaÅ‚bym rozpoczÄ…Ä‡ sprzedaÅ¼ produktÃ³w na rynku Niemieckim przez portal ebay.de w zwiÄ…zku z powyÅ¼szym chciaÅ‚em zapytaÄ‡ czy zajÄ™liby siÄ™ PaÅ„stwo dla mnie elementami zwiÄ…zanymi z rozpoczÄ™ciem...",Description not found,Sklepy internetowe,"https://useme.com/pl/jobs/category/serwisy-internetowe,34/sklepy-internetowe,97/",Do negocjacji,4
Grzegorz SzwaciÅ„ski,/static/images/avatar/empty-neutral.d332f86a913c.svg,,Znika za 29 dni,Gazetki szkolne dla uczniÃ³w - STAÅA WSPÃ“ÅPRACA!,"https://useme.com/pl/jobs/gazetki-szkolne-dla-uczniow-staa-wspopraca,104942/","DzieÅ„ dobry,

poszukujÄ™ do staÅ‚ej wspÃ³Å‚pracy osoby tworzÄ…cej gazetki szkolne. Gazetki do druku przez nauczyciela w formacie A4 i w pliku PDF. Gazetki dotyczÄ… j. polskiego, matematyki, fizyki, j. angielskiego, biologii. Tworzymy gazetki dotyczÄ…ce...",Description not found,Grafika 2D,"https://useme.com/pl/jobs/category/design,38/grafika-2d,118/","80,00 PLN",4
PRIME TECH,https://useme-prod-public.s3.amazonaws.com/avatars/011/312411.png,,Znika za 29 dni,Import sklepu WooCommerce na wÅ‚asny serwer z LH konfiguracja,"https://useme.com/pl/jobs/import-sklepu-woocommerce-na-wasny-serwer-z-lh-konfiguracja,104941/","### Zlecenie dla freelancera: Import sklepu WooCommerce na wÅ‚asny serwer

**Opis zlecenia:**

ZlecÄ™ zaimportowanie sklepu internetowego opartego na WooCommerce z serwera LH.pl na nasz wÅ‚asny serwer. Posiadamy peÅ‚ny dostÄ™p do serwera, a...",Description not found,Administracja serwerami,"https://useme.com/pl/jobs/category/programowanie-i-it,35/administracja-serwerami,104/",Do negocjacji,5
Centrum123,/static/images/avatar/empty-neutral.d332f86a913c.svg,,Znika za 29 dni,Naprawa formularza kontaktowego na stronie Wordpress,"https://useme.com/pl/jobs/naprawa-formularza-kontaktowego-na-stronie-wordpress,104939/","ZlecÄ™ naprawÄ™ formularza kontaktowego na stronie internetowej Wordpress. 
Przy prÃ³bie wysÅ‚ania wiadomoÅ›ci za poÅ›rednictwem formularza wyskakuje komunikat:""WystÄ…piÅ‚ problem z wysÅ‚aniem twojej wiadomoÅ›ci. SprÃ³buj ponownie pÃ³Åºniej.""",Description not found,ObsÅ‚uga stron internetowych,"https://useme.com/pl/jobs/category/serwisy-internetowe,34/obsuga-stron-internetowych,98/",Do negocjacji,5
ecom,/static/images/avatar/empty-neutral.d332f86a913c.svg,,Znika za 29 dni,Poszukiwany Copywriter,"https://useme.com/pl/jobs/poszukiwany-copywriter,104938/","Poszukiwany Copywriter do staÅ‚ej wspÃ³Å‚pracy. 

ZaleÅ¼y mi na osobie, ktÃ³ra bÄ™dzie w stanie pisaÄ‡ artykuÅ‚y z dziedziny ksiÄ™gowoÅ›ci, podatkÃ³w, finansÃ³w.

Interesuje mnie okoÅ‚o 10 - 15 artykuÅ‚Ã³w w miesiÄ…cu, kaÅ¼dy artykuÅ‚ o dÅ‚ugoÅ›ci okoÅ‚o 3000 -...",Description not found,Copywriting i teksty,"https://useme.com/pl/jobs/category/marketing,37/copywriting-i-teksty,110/",Do negocjacji,5
Studio24,/static/images/avatar/empty-neutral.d332f86a913c.svg,,Znika za 29 dni,Wizualizator 3D / Grafik 3D,"https://useme.com/pl/jobs/wizualizator-3d-grafik-3d,104937/","JesteÅ›my agencjÄ… specjalizujÄ…cÄ… siÄ™ w tworzeniu wizualizacji 3D wnÄ™trz i produktÃ³w. Obecnie poszukujemy wizualizatora 3D, ktÃ³ry bÄ™dzie nas wspieraÅ‚ przy realizacji pojedynczych projektÃ³w.

Zakres wspÃ³Å‚pracy:

-Tworzenie realistycznych...",Description not found,Grafika 3D,"https://useme.com/pl/jobs/category/design,38/grafika-3d,119/",Do negocjacji,5
Studio24,/static/images/avatar/empty-neutral.d332f86a913c.svg,,Znika za 29 dni,Pozyskiwanie nowych klientÃ³w dla agencji zajmujÄ…cej siÄ™ wizualizacjami 3D,"https://useme.com/pl/jobs/pozyskiwanie-nowych-klientow-dla-agencji-zajmujacej-sie-wizualizacjami-3d,104936/","PoszukujÄ™ osoby lub firmy, ktÃ³ra zajmie siÄ™ aktywnym pozyskiwaniem nowych klientÃ³w dla naszej agencji specjalizujÄ…cej siÄ™ w tworzeniu wizualizacji 3D wnÄ™trz oraz produktÃ³w. 
Naszymi gÅ‚Ã³wnymi klientami sÄ…:
-deweloperzy
-architekci
-maÅ‚e i...",Description not found,SprzedaÅ¼ i obsÅ‚uga sprzedaÅ¼y,"https://useme.com/pl/jobs/category/marketing,37/sprzedaz-i-obsuga-sprzedazy,113/",Do negocjacji,5
MiÅ‚oszKucar,/static/images/avatar/empty-neutral.d332f86a913c.svg,,Znika za 29 dni,Shopify - Stworzenie sklepu zgodnie z wizjÄ…,"https://useme.com/pl/jobs/shopify-stworzenie-sklepu-zgodnie-z-wizja,104927/","Potrzebuje doÅ›wiadczonego freelancera ktÃ³ry postawi mi sklep on-line na platformie shopify od A-Z poczÄ…wszy od copywritingu czy grafik aÅ¼ po pÅ‚atnoÅ›ci i e-mail marketing.
OkoÅ‚o 10 gÅ‚Ã³wnych kategorii oraz okoÅ‚o 500 produktÃ³w.
Na sklepie rÃ³wnieÅ¼...",Description not found,Sklepy internetowe,"https://useme.com/pl/jobs/category/serwisy-internetowe,34/sklepy-internetowe,97/",Do negocjacji,5
PaweÅ‚,/static/images/avatar/empty-neutral.d332f86a913c.svg,,Znika za 29 dni,ObsÅ‚uga strony www - specjalista Wordpress,"https://useme.com/pl/jobs/obsuga-strony-www-specjalista-wordpress,104924/","PoniÅ¼ej link do mojej strony internetowej:
https://pawelkrzyzok.pl/
Zalezy mi na:
- optymalizacji dziaÅ‚ania storny (szybkoÅ›Ä‡ Å‚adowania, rozwiÄ…zywanie bÅ‚Ä™dÃ³w)
- tworzeniu nowych landing pages (jedna na 2 miesiÄ…ce)
- aktualizowaniu i...",Description not found,Strony internetowe,"https://useme.com/pl/jobs/category/serwisy-internetowe,34/strony-internetowe,96/",Do negocjacji,5
Alina,/static/images/avatar/empty-neutral.d332f86a913c.svg,,Znika za 29 dni,"Korepetycje / konsultacje Google Analytics 4, Google ADS, GTM","https://useme.com/pl/jobs/korepetycje-konsultacje-google-analytics-4-google-ads-gtm,104921/","PotrzebujÄ™ korepetycji z  Google Analytics 4, wdroÅ¼enie, konfiguracja tagÃ³w w Google tag manager, na przykÅ‚adzie mojego sklepu internetowego. Znam podstawy, ale  muszÄ™ zrozumieÄ‡ jak to dziaÅ‚a, na Å¼ywym przykÅ‚adzie.  PrzewidujÄ™ parÄ™ spotkaÅ„ online.",Description not found,Analityka internetowa,"https://useme.com/pl/jobs/category/marketing,37/analityka-internetowa,115/",Do negocjacji,5
Darasek1986,/static/images/avatar/empty-neutral.d332f86a913c.svg,,Znika za 29 dni,"Portal z kamerkami dla dorosÅ‚ych typu ShowUp.tv, Chaturbate.com","https://useme.com/pl/jobs/portal-z-kamerkami-dla-dorosych-typu-showuptv-chaturbatecom,104920/","Szukam firmy ktÃ³ra wykona portal audio video streaming typuÂ SHOWUP.TV,Â JASMIN.COM,Â BONGACAMS.COMÂ jak i innego wykorzystujÄ…cego technologie przesyÅ‚ania obrazu i dÅºwiÄ™ku.
Realizacja zawieraÄ‡ bÄ™dzie kompletne wykonanie wraz z indywidualnÄ… grafikÄ…...",Description not found,Strony internetowe,"https://useme.com/pl/jobs/category/serwisy-internetowe,34/strony-internetowe,96/",Do negocjacji,5
gonciarek.com,https://useme-prod-public.s3.amazonaws.com/avatars/033/267933.png,,Znika za 29 dni,Szukam doÅ›wiadczonego twÃ³rcy Ai w MIDJOURNEY,"https://useme.com/pl/jobs/szukam-doswiadczonego-tworcy-ai-w-midjourney,104918/","CzeÅ›Ä‡, 
szukam do realizacji kilku teledyskÃ³w doÅ›wiadczonego twÃ³rcy Ai, ktÃ³ry bÄ™dzie w stanie mi wygenerowaÄ‡ historiÄ™ obrazkÃ³w na bazie referencji.",Description not found,Animacja,"https://useme.com/pl/jobs/category/multimedia,36/animacja,105/",Do negocjacji,5
bartek_sml,/static/images/avatar/empty-neutral.d332f86a913c.svg,,Znika za 29 dni,Stworzenie grafiki pojazdu typu Kamper,"https://useme.com/pl/jobs/stworzenie-grafiki-pojazdu-typu-kamper,104929/","Witam, jestem zainteresowany zleceniem wykonania grafiki na koszulkÄ™. Ma to byÄ‡ projekt niekomercyjny. GrafikÄ… byÅ‚by samochÃ³d typu kamper w okreÅ›lonym stylu.",Description not found,Grafika 2D,"https://useme.com/pl/jobs/category/design,38/grafika-2d,118/",Do negocjacji,5
Piotr,/static/images/avatar/empty-neutral.d332f86a913c.svg,,Znika za 29 dni,Dodanie oferty na pepper.pl,"https://useme.com/pl/jobs/dodanie-oferty-na-pepperpl,104932/",ZlecÄ™ dodanie oferty (realnej okazji) na pepper.pl w celu wygenerowania ruchu. Konto powinno mieÄ‡ realnÄ… historiÄ™.,Description not found,Marketing szeptany,"https://useme.com/pl/jobs/category/marketing,37/marketing-szeptany,114/",Do negocjacji,5
Keep It Healthy Sp.z.o.o,/static/images/avatar/empty-neutral.d332f86a913c.svg,,Znika za 29 dni,MontaÅ¼ filmu instruktaÅ¼owego,"https://useme.com/pl/jobs/montaz-filmu-instruktazowego,104917/","DzieÅ„ dobry, chciaÅ‚bym zleciÄ‡ montaÅ¼ 3-4 minutowego filmu instruktaÅ¼owego opowiadajÄ…cego o platformie, ktÃ³rÄ… prowadzÄ™. Mam nagrane filmy ze wstÄ™pem, zakoÅ„czeniem i pozostaÅ‚ymi elementami usÅ‚ugi. Do wykonania bÄ™dzie sklejenie tego w spÃ³jnÄ… caÅ‚oÅ›Ä‡.",Description not found,Video,"https://useme.com/pl/jobs/category/multimedia,36/video,106/",Do negocjacji,5
animalhotels,https://useme-prod-public.s3.amazonaws.com/avatars/038/296438.png,,Znika za 58 dni,UK-Based Influencers Wanted for Collaboration with Pet-Sitting App,"https://useme.com/pl/jobs/uk-based-influencers-wanted-for-collaboration-with-pet-sitting-app,104913/","We are looking for UK-based influencers to collaborate on promoting our app, Animalhotels.co.uk, which helps pet owners find reliable sitters during temporary absences. We are at an early stage of building our client base and would like to raise...",Description not found,Social media,"https://useme.com/pl/jobs/category/marketing,37/social-media,111/",Do negocjacji,5
Charms,/static/images/avatar/empty-neutral.d332f86a913c.svg,,Znika za 28 dni,PodÅ‚Ä…czenie Woocommerce do Pixel TikTok,"https://useme.com/pl/jobs/podaczenie-woocommerce-do-pixel-tiktok,104912/",PodÅ‚Ä…czenie i skonfigurowanie Pixel TikTok w sklepie Woocommerce do Å›ledzenia konwersji reklam TikTok,Description not found,Social media,"https://useme.com/pl/jobs/category/marketing,37/social-media,111/",Do negocjacji,5
FabianK,/static/images/avatar/empty-neutral.d332f86a913c.svg,,Znika za 28 dni,Konsultacja w sprawie Meta Ads,"https://useme.com/pl/jobs/konsultacja-w-sprawie-meta-ads,104909/","DzieÅ„ dobry, szukam konsultacji co do podstaw Meta Ads.
Marketer odszedÅ‚, muszÄ™ zrozumieÄ‡ jak dziaÅ‚a to co aktualnie mam

DoÅ›wiadczenie w Meta Ads minimalnie 2 lata, proszÄ™ podesÅ‚aÄ‡ portfolio/potwierdzenie

Rozliczenie za godzinÄ™- proszÄ™ podaÄ‡...",Description not found,Kampanie reklamowe,"https://useme.com/pl/jobs/category/marketing,37/kampanie-reklamowe,109/",Do negocjacji,5
ZSquare,https://useme-prod-public.s3.amazonaws.com/avatars/093/379693.png,,Znika za 28 dni,"Sklep internetowy - minimalistyczny design, import produktÃ³w, konfiguracja bramek pÅ‚atniczych","https://useme.com/pl/jobs/sklep-internetowy-minimalistyczny-design-import-produktow-konfiguracja-bramek-pa,104910/","ZlecÄ™ wykonanie sklepu online dla outletu odzieÅ¼owego. 
Styl: https://www.moliera2.com/ // mytheresa.com 

Najlepiej aby sklep byÅ‚ postawiony na silniku, ktÃ³ry nie ma opÅ‚at miesiÄ™cznych. 

W zakres zlecenia wchodzi :
1. Instalacja silnika...",Description not found,Sklepy internetowe,"https://useme.com/pl/jobs/category/serwisy-internetowe,34/sklepy-internetowe,97/",Do negocjacji,5
Agata Fiodorek,https://useme-prod-public.s3.amazonaws.com/avatars/062/221962.png,,Znika za 88 dni,PoszukujÄ™ osÃ³b do pozyskiwania klientÃ³w dla projektÃ³w graficznych,"https://useme.com/pl/jobs/poszukuje-osob-do-pozyskiwania-klientow-dla-projektow-graficznych,104911/","CzeÅ›Ä‡!

Aktualnie rozwijam swojÄ… dziaÅ‚alnoÅ›Ä‡ w zakresie grafiki (projekty brandingowe, grafiki pod social mediÃ³w, strony internetowe, logo, key vizual, plakaty) Jestem na etapie poszukiwania wspÃ³Å‚pracownika, ktÃ³ry mÃ³gÅ‚by mi pomÃ³c w pozyskiwaniu...",Description not found,Social media,"https://useme.com/pl/jobs/category/marketing,37/social-media,111/",Do negocjacji,5
WRWR,/static/images/avatar/empty-neutral.d332f86a913c.svg,,Znika za 28 dni,Wykonanie strony internetowej w stylu personal brand,"https://useme.com/pl/jobs/wykonanie-strony-internetowej-w-stylu-personal-brand,104908/",ZlecÄ™ wykonanie strony internetowej w stylu personal brand,Description not found,Strony internetowe,"https://useme.com/pl/jobs/category/serwisy-internetowe,34/strony-internetowe,96/",Do negocjacji,5
pravna,/static/images/avatar/empty-neutral.d332f86a913c.svg,,Znika za 28 dni,Web scraper,"https://useme.com/pl/jobs/web-scraper,104905/","PoszukujÄ™ osoby, ktÃ³ra podejmie siÄ™ stworzenia rozwiÄ…zania do scrapowania danych bezpoÅ›rednio ze strony lub po poÅ‚Ä…czeniu przez API z bazÄ… danych.

Dane majÄ… byÄ‡ zebrane w uporzÄ…dkowanej formie (np. plik Excel lub CSV).
Wymagane umiejÄ™tnoÅ›ci:...",Description not found,Oprogramowanie,"https://useme.com/pl/jobs/category/programowanie-i-it,35/oprogramowanie,100/",Do negocjacji,5
